neakCatalogItemId,neakCode,neakNameHu,neakNameEn,neakNameDe,catalogCategoryId,neakPoints,neakMinimumTimeMin,isFullMouth,isTooth,isArch,isQuadrant,isSurface,surfaceNum,neakMaxQtyPerDay,neakToothType,neakTimeLimitMonths,neakTimeLimitDays,neakTimeLimitQty,neakTimeLimitSchoolStart,neakTimeLimitSchoolEnd,neakLevelA,neakLevelS,neakLevelT,neakLevelE,neakTerKatCodes,neakNotBillableWithCodes,neakNotBillableIfRecentCodes,neakBillableWithCodes,neakSpecialMark,isActive,catalogUnit,milkToothOnly,svgLayer,hasLayer,isDeleted
ncat00001,FA002,Fogorvosi vizsgálat,Dental examination,Zahnärztliche Untersuchung,pcat0010,0,11,TRUE,FALSE,FALSE,FALSE,FALSE,,1,,,,,,,TRUE,TRUE,TRUE,TRUE,01;03;7G;7T;7I;7K;7R;7U;7S;7B;08;09;0A;0D;0K;0S;04;06;0E;0F;0G;0H;0R;0T;0V;0Y;0W;00,,,,1,TRUE,db,FALSE,,FALSE,FALSE
ncat00002,TA004,Rendelőn kívül végzett vizsgálat,Out-of-office examination,Untersuchung außerhalb der Praxis,pcat0010,370,22,TRUE,FALSE,FALSE,FALSE,FALSE,,1,,,,,,,TRUE,TRUE,TRUE,TRUE,01;03;7G;7T;7I;7K;7R;7U;7S;7B;08;09;0A;0D;0K;0S;04;06;0E;0F;0G;0H;0R;0T;0V;0Y;0W;00,TA005,,,0,TRUE,db,FALSE,,FALSE,FALSE
ncat00003,TA005,Konzílium rendelőn kívül,Out-of-office consultation,Konsultation außerhalb der Praxis,pcat0010,300,22,TRUE,FALSE,FALSE,FALSE,FALSE,,1,,,,,,,TRUE,TRUE,TRUE,TRUE,01;03;7G;7T;7I;7K;7R;7U;7S;7B;08;09;0A;0D;0K;0S;04;06;0E;0F;0G;0H;0R;0T;0V;0Y;0W;00,TA004,,,0,TRUE,db,FALSE,,FALSE,FALSE
ncat00004,TA012,"Konzílium, szakvélemény készítése","Consultation, expert opinion","Konsultation, Gutachtenerstellung",pcat0010,150,11,TRUE,FALSE,FALSE,FALSE,FALSE,,1,,,,,,,TRUE,TRUE,TRUE,TRUE,01;03;7G;7T;7I;7K;7R;7U;7S;7B;08;09;0A;0D;0K;0S;04;06;0E;0F;0G;0H;0R;0T;0V;0Y;0W;00,,,,0,TRUE,db,FALSE,,FALSE,FALSE
ncat00005,FA013,"Igazolás, tájékoztatás","Certificate, information","Bescheinigung, Information",pcat0010,0,6,TRUE,FALSE,FALSE,FALSE,FALSE,,,,,,,,,TRUE,TRUE,TRUE,TRUE,01;03;7G;7T;7I;7K;7R;7U;7S;7B;08;09;0A;0D;0K;0S;04;06;0E;0F;0G;0H;0R;0T;0V;0Y;0W;00,,,,1,TRUE,db,FALSE,,FALSE,FALSE
ncat00006,FA014,Szakrendelésre utalás,Specialist referral,Facharztüberweisung,pcat0010,0,6,TRUE,FALSE,FALSE,FALSE,FALSE,,,,,,,,,TRUE,TRUE,TRUE,TRUE,01;03;7G;7T;7I;7K;7R;7U;7S;7B;08;09;0A;0D;0K;0S;04;06;0E;0F;0G;0H;0R;0T;0V;0Y;0W;00,,,,1,TRUE,db,FALSE,,FALSE,FALSE
ncat00007,FA016,Fogorvosi látlelet készítése,Dental report preparation,Zahnärztlicher Befundbericht,pcat0010,0,6,TRUE,FALSE,FALSE,FALSE,FALSE,,1,,,,,,,TRUE,TRUE,TRUE,TRUE,01;03;7G;7T;7I;7K;7R;7U;7S;7B;08;09;0A;0D;0S;04;06;0E;0F;0G;0H;0R;0T;0V;0Y;0W;00,,,,1,TRUE,db,FALSE,,FALSE,FALSE
ncat00008,TB121,Fogászati allergológiai vizsgálat,Dental allergology examination,Zahnärztliche allergologische Untersuchung,pcat0010,1840,22,TRUE,FALSE,FALSE,FALSE,FALSE,,1,,,,,,,FALSE,TRUE,FALSE,TRUE,01;7G;7T;7I;7K;7R;7U;7B;08;09;04;06;0E;0F;0G;0H;0R;0T;0V;0Y;0W;00,,,,0,TRUE,db,FALSE,,FALSE,FALSE
ncat00009,TB125,"Különleges gondozásra szoruló, fogyatékkal élő személyek fogászati szakellátása",Dental specialist care for persons with disabilities,Zahnärztliche Fachversorgung für Personen mit Behinderungen,pcat0010,1610,0,TRUE,FALSE,FALSE,FALSE,FALSE,,1,,,,,,,FALSE,TRUE,FALSE,TRUE,01;03;7G;7T;7I;7K;7R;7U;7S;7B;08;09;0A;0D;0S;04;06;0E;0F;0G;0H;0R;0T;0V;0Y;0W;00,,,,4,TRUE,db,FALSE,,FALSE,FALSE
ncat00010,TA169,Egyéni megelőző tanácsadás,Individual preventive counseling,Individuelle Präventionsberatung,pcat0011,100,6,TRUE,FALSE,FALSE,FALSE,FALSE,,1,,12,,1,,,TRUE,TRUE,TRUE,TRUE,01;7G;7T;7I;7K;7R;7U;7B;09;04;06;0E;0F;0G;0H;0R;0T;0V;0Y;0W;00,,,,0,TRUE,db,FALSE,,FALSE,FALSE
ncat00011,TA170,Csoportos megelőző tanácsadás,Group preventive counseling,Gruppenpräventionsberatung,pcat0011,40,11,TRUE,FALSE,FALSE,FALSE,FALSE,,1,,6,,1,02.01.,08.01.,TRUE,TRUE,TRUE,TRUE,01;7G;7T;7I;7K;7R;7U;7B;08;09;04;06;0E;0F;0G;0H;0R;0T;0V;0Y;0W;00,TA183,,,2,TRUE,db,FALSE,,FALSE,FALSE
ncat00012,TA183,"Csoportos felvilágosítás, tanácsadás rendelőn kívül","Group education, counseling outside office","Gruppenaufklärung, Beratung außerhalb der Praxis",pcat0011,120,22,TRUE,FALSE,FALSE,FALSE,FALSE,,1,,12,,1,08.01.,,TRUE,TRUE,TRUE,TRUE,7G;7T;7I;09;04;06;0E;0F;0G;0H;0R;0T;0V;0Y;0W;00,TA170,,,2,TRUE,db,FALSE,,FALSE,FALSE
ncat00013,TA184,"Fogászati várandósgondozás (tanácsadás, szűrővizsgálat)","Dental prenatal care (counseling, screening)","Zahnärztliche Schwangerschaftsvorsorge (Beratung, Screening)",pcat0011,480,11,TRUE,FALSE,FALSE,FALSE,FALSE,,1,,9,,2,,,TRUE,TRUE,TRUE,TRUE,7G;7T;7I;09;04;06;0E;0F;0G;0H;0R;0T;0V;0Y;0W;00,TA185;TA186,,,0,TRUE,db,FALSE,,FALSE,FALSE
ncat00014,TA185,"Fogorvosi szűrővizsgálat (18 éves korig, ill. 18 év feletti középfokú, nappali rendszerű iskolai oktatásban résztvevőknél)","Dental screening (up to age 18, or secondary school day students over 18)",Zahnärztliche Vorsorgeuntersuchung (bis 18 Jahre bzw. Schüler über 18 in Tagesschule),pcat0011,480,6,TRUE,FALSE,FALSE,FALSE,FALSE,,1,,6,,1,02.01.,08.01.,TRUE,TRUE,TRUE,TRUE,7G;09;04;06;0E;0F;0G;0H;0R;0T;0V;0Y;0W;00,TA184;TA186,,,0,TRUE,db,FALSE,,FALSE,FALSE
ncat00015,TA186,"Fogorvosi szűrővizsgálat, felnőttnek","Dental screening, adults","Zahnärztliche Vorsorgeuntersuchung, Erwachsene",pcat0011,480,11,TRUE,FALSE,FALSE,FALSE,FALSE,,1,,12,,1,,,TRUE,TRUE,TRUE,TRUE,01;7I;7K;7R;7U;7B;09;04;06;0E;0F;0G;0H;0R;0T;0V;0Y;0W;00,TA184;TA185,,,0,TRUE,db,FALSE,,FALSE,FALSE
ncat00016,TB187,Stomato-onkológiai vizsgálat,Stomato-oncological examination,Stomato-onkologische Untersuchung,pcat0011,920,16,TRUE,FALSE,FALSE,FALSE,FALSE,,1,,12,,1,,,FALSE,TRUE,FALSE,TRUE,01;7G;7T;7I;7K;7R;7U;7B;08;09;04;06;0E;0F;0G;0H;0R;0T;0V;0Y;0W;00,,,,0,TRUE,db,FALSE,,FALSE,FALSE
ncat00017,TA006,Intraorális rtg. felvétel (db),Intraoral X-ray (per unit),Intraorale Röntgenaufnahme (Stück),pcat0012,450,6,TRUE,FALSE,FALSE,FALSE,FALSE,,,,,,,,,TRUE,TRUE,TRUE,TRUE,01;03;7G;7T;7I;7K;7R;7U;7S;7B;08;09;0A;0D;0S;04;06;0E;0F;0G;0H;0R;0T;0V;0Y;0W;00,,,,0,TRUE,db,FALSE,,FALSE,FALSE
ncat00018,TB007,Panoráma rtg. felvétel (db),Panoramic X-ray (per unit),Panorama-Röntgenaufnahme (Stück),pcat0012,920,11,TRUE,FALSE,FALSE,FALSE,FALSE,,,,,,,,,FALSE,TRUE,FALSE,TRUE,01;03;7G;7T;7I;7K;7R;7U;7S;7B;08;09;0A;0D;0S;04;06;0E;0F;0G;0H;0R;0T;0V;0Y;0W;00,,,,0,TRUE,db,FALSE,,FALSE,FALSE
ncat00019,TB008,Teleröntgen felvétel,Cephalometric X-ray,Fernröntgenaufnahme,pcat0012,920,11,TRUE,FALSE,FALSE,FALSE,FALSE,,,,,,,,,FALSE,TRUE,FALSE,TRUE,01;03;7G;7T;7I;7K;7R;7U;7S;7B;08;09;0A;0D;0S;04;06;0E;0F;0G;0H;0R;0T;0V;0Y;0W;00,,,,0,TRUE,db,FALSE,,FALSE,FALSE
ncat00020,TB009,Egyéb extraorális rtg. felvétel,Other extraoral X-ray,Sonstige extraorale Röntgenaufnahme,pcat0012,760,9,TRUE,FALSE,FALSE,FALSE,FALSE,,,,,,,,,FALSE,TRUE,FALSE,TRUE,01;03;7G;7T;7I;7K;7R;7U;7S;7B;08;09;0A;0D;0S;04;06;0E;0F;0G;0H;0R;0T;0V;0Y;0W;00,,,,0,TRUE,db,FALSE,,FALSE,FALSE
ncat00021,FA010,Rtg. kontrasztanyag befecskendezése,X-ray contrast agent injection,Röntgenkontrastmittel-Injektion,pcat0012,0,22,TRUE,FALSE,FALSE,FALSE,FALSE,,,,,,,,,TRUE,TRUE,TRUE,TRUE,01;03;7G;7T;7I;7K;7R;7U;7S;7B;08;09;0A;0D;0S;04;06;0E;0F;0G;0H;0R;0T;0V;0Y;0W;00,,,,1,TRUE,db,FALSE,,FALSE,FALSE
ncat00022,TB011,Occlusalis rtg. felvétel,Occlusal X-ray,Okklusale Röntgenaufnahme,pcat0012,610,6,TRUE,FALSE,FALSE,FALSE,FALSE,,,,,,,,,FALSE,TRUE,FALSE,TRUE,01;03;7G;7T;7I;7K;7R;7U;7S;7B;08;09;0A;0D;0S;04;06;0E;0F;0G;0H;0R;0T;0V;0Y;0W;00,,,,0,TRUE,db,FALSE,,FALSE,FALSE
ncat00023,FA018,Gyógyszerrendelés,Prescription,Verschreibung,pcat0013,0,6,TRUE,FALSE,FALSE,FALSE,FALSE,,,,,,,,,TRUE,TRUE,TRUE,TRUE,01;03;7G;7T;7I;7K;7R;7U;7S;7B;08;09;0A;0D;0S;04;06;0E;0F;0G;0H;0R;0T;0V;0Y;0W;00,,,,1,TRUE,db,FALSE,,FALSE,FALSE
ncat00024,FA019,Injekció adása,Injection administration,Injektionsverabreichung,pcat0013,0,6,TRUE,FALSE,FALSE,FALSE,FALSE,,,,,,,,,TRUE,TRUE,TRUE,TRUE,01;03;7G;7T;7I;7K;7R;7U;7S;7B;08;09;0A;0D;0S;04;06;0E;0F;0G;0H;0R;0T;0V;0Y;0W;00,,,,1,TRUE,db,FALSE,,FALSE,FALSE
ncat00025,TA021,Intraorális érzéstelenítés,Intraoral anesthesia,Intraorale Anästhesie,pcat0013,150,4,TRUE,FALSE,FALSE,FALSE,FALSE,,,,,,,,,TRUE,TRUE,TRUE,TRUE,01;03;7G;7T;7I;7K;7R;7U;7S;7B;08;09;0A;0D;0S;04;06;0E;0F;0G;0H;0R;0T;0V;0Y;0W;00,,,,0,TRUE,db,FALSE,,FALSE,FALSE
ncat00026,TA098,Gyökérkezelés,Root canal treatment,Wurzelbehandlung,pcat0014,70,6,FALSE,TRUE,FALSE,FALSE,FALSE,,1,,,,,,,TRUE,TRUE,TRUE,TRUE,01;03;7G;7T;7I;7K;7R;7U;7S;7B;08;09;0A;0D;0S;04;06;0E;0F;0G;0H;0R;0T;0V;0Y;0W;00,,,,0,TRUE,db,FALSE,,FALSE,FALSE
ncat00027,FA100,"Amalgám tömés készítése maradó fogban, egy felszínen","Amalgam filling in permanent tooth, one surface","Amalgamfüllung im bleibenden Zahn, eine Fläche",pcat0014,0,16,FALSE,FALSE,FALSE,FALSE,TRUE,E,1,M,12,,1,,,TRUE,TRUE,TRUE,TRUE,01;7G;7T;7I;7K;7R;7U;7B;08;09;0D;04;06;0E;0F;0G;0H;0R;0T;0V;0Y;0W;00,TA102;TA104;TE105;TA109,FA100;FA101;TA102;TA103;TE105;TA109,,0,TRUE,db,FALSE,filling-amalgam-[surfaces1],TRUE,FALSE
ncat00028,FA101,"Amalgám tömés készítése maradó fogban, több felszínen","Amalgam filling in permanent tooth, multiple surfaces","Amalgamfüllung im bleibenden Zahn, mehrere Flächen",pcat0014,0,22,FALSE,FALSE,FALSE,FALSE,TRUE,T,1,M,12,,1,,,TRUE,TRUE,TRUE,TRUE,01;7G;7T;7I;7K;7R;7U;7B;08;09;0D;04;06;0E;0F;0G;0H;0R;0T;0V;0Y;0W;00,TA103;TA104;TE105;TA109,FA100;FA101;TA102;TA103;TE105;TA109,,0,TRUE,db,FALSE,filling-amalgam-[surfaces4],TRUE,FALSE
ncat00029,TA102,"Esztétikus tömés készítése maradó fogban, egy felszínen","Aesthetic filling in permanent tooth, one surface","Ästhetische Füllung im bleibenden Zahn, eine Fläche",pcat0014,1100,22,FALSE,FALSE,FALSE,FALSE,TRUE,E,1,M,12,,1,,,TRUE,TRUE,TRUE,TRUE,01;7G;7T;7I;7K;7R;7U;7B;08;09;0D;04;06;0E;0F;0G;0H;0R;0T;0V;0Y;0W;00,FA100;TA104;TE105;TA109,FA100;FA101;TA102;TA103;TE105;TA109,,0,TRUE,db,FALSE,filling-composite-[surfaces1],TRUE,FALSE
ncat00030,TA103,"Esztétikus tömés készítése maradó fogban, több felszínen","Aesthetic filling in permanent tooth, multiple surfaces","Ästhetische Füllung im bleibenden Zahn, mehrere Flächen",pcat0014,1500,27,FALSE,FALSE,FALSE,FALSE,TRUE,T,1,M,12,,1,,,TRUE,TRUE,TRUE,TRUE,01;7G;7T;7I;7K;7R;7U;7B;08;09;0D;04;06;0E;0F;0G;0H;0R;0T;0V;0Y;0W;00,FA101;TA104;TE105,FA100;FA101;TA102;TA103;TE105;TA109,,0,TRUE,db,FALSE,filling-composite-[surfaces4],TRUE,FALSE
ncat00031,TA104,"Polírozás, finírozás tömésenként","Polishing, finishing per filling","Politur, Ausarbeitung pro Füllung",pcat0014,220,11,FALSE,FALSE,FALSE,FALSE,TRUE,X,1,,12,,1,,,TRUE,TRUE,TRUE,TRUE,01;7G;7T;7I;7K;7R;7U;7B;08;09;0D;04;06;0E;0F;0G;0H;0R;0T;0V;0Y;0W;00,FA100;FA101;TA102;TA103;TA104;TE105,,,0,TRUE,db,FALSE,,FALSE,FALSE
ncat00032,TE105,"Inlay, onlay készítése","Inlay, onlay fabrication","Inlay-, Onlay-Herstellung",pcat0014,920,55,FALSE,FALSE,FALSE,FALSE,TRUE,X,1,,12,,1,,,FALSE,FALSE,FALSE,TRUE,01;7G;7T;7I;7K;7R;7U;7B;08;09;0D;04;06;0E;0F;0G;0H;0R;0T;0V;0Y;0W;00,FA100;FA101;TA102;TA103;TA104;TA109;TE105,FA100;FA101;TA102;TA103,,0,TRUE,db,FALSE,,FALSE,FALSE
ncat00033,TA107,Gyökértömés készítése,Root canal filling,Wurzelfüllung,pcat0014,1780,11,FALSE,TRUE,FALSE,FALSE,FALSE,,4,,12,,1,,,TRUE,TRUE,TRUE,TRUE,01;03;7G;7T;7I;7K;7R;7U;7S;7B;08;09;0A;0D;0S;04;06;0E;0F;0G;0H;0R;0T;0V;0Y;0W;00,,,,0,TRUE,db,FALSE,endo-filling,TRUE,FALSE
ncat00034,TA116,Gyökértömés eltávolítása,Root canal filling removal,Wurzelfüllungsentfernung,pcat0014,1190,16,FALSE,TRUE,FALSE,FALSE,FALSE,,4,,12,,1,,,TRUE,TRUE,TRUE,TRUE,01;03;7G;7T;7I;7K;7R;7U;7S;7B;08;09;0A;0D;0S;04;06;0E;0F;0G;0H;0R;0T;0V;0Y;0W;00,,TA107;TA116,,0,TRUE,db,FALSE,,FALSE,FALSE
ncat00035,TA109,Fogkorona felépítése gyári csappal,Crown build-up with factory post,Kronenaufbau mit Fertigstift,pcat0014,590,33,FALSE,TRUE,FALSE,FALSE,FALSE,,1,,12,,1,,,TRUE,TRUE,TRUE,TRUE,01;7G;7T;7I;7K;7R;7U;7B;08;09;0D;04;06;0E;0F;0G;0H;0R;0T;0V;0Y;0W;00,FA100;FA101;TA102;TA104;TE105;TA109,,TA103,0,TRUE,db,FALSE,,FALSE,FALSE
ncat00036,TA110,Fog trepanálása és/vagy fogbél exstirpálása,Tooth trepanation and/or pulp extirpation,Zahntrepanation und/oder Pulpaexstirpation,pcat0014,200,11,FALSE,TRUE,FALSE,FALSE,FALSE,,4,,12,,4,,,TRUE,TRUE,TRUE,TRUE,01;03;7G;7T;7I;7K;7R;7U;7S;7B;08;09;0A;0D;0S;04;06;0E;0F;0G;0H;0R;0T;0V;0Y;0W;00,,,,0,TRUE,db,FALSE,,FALSE,FALSE
ncat00037,TA222,Ideiglenes tömés készítése,Temporary filling,Provisorische Füllung,pcat0014,70,6,FALSE,FALSE,FALSE,FALSE,TRUE,X,1,,,,,,,TRUE,TRUE,TRUE,TRUE,01;03;7G;7T;7I;7K;7R;7U;7S;7B;08;09;0A;0D;0S;04;06;0E;0F;0G;0H;0R;0T;0V;0Y;0W;00,,,,0,TRUE,db,FALSE,filling-temporary-[surfaces4],TRUE,FALSE
ncat00038,FA116,Érzékeny fogfelszín kezelése,Sensitive tooth surface treatment,Behandlung empfindlicher Zahnoberflächen,pcat0014,0,4,FALSE,FALSE,FALSE,FALSE,TRUE,X,1,,,,,,,TRUE,TRUE,TRUE,TRUE,01;03;7G;7T;7I;7K;7R;7U;7S;7B;08;09;0A;0D;0S;04;06;0E;0F;0G;0H;0R;0T;0V;0Y;0W;00,,,,0,TRUE,db,FALSE,,FALSE,FALSE
ncat00039,TB110,Parodontális státuszfelvétel,Periodontal status assessment,Parodontaler Befund,pcat0015,380,9,TRUE,FALSE,FALSE,FALSE,FALSE,,,,,,,,,FALSE,TRUE,FALSE,TRUE,01;7G;7T;7I;7K;7R;7U;7B;08;09;04;06;0E;0F;0G;0H;0R;0T;0V;0Y;0W;00,,,,0,TRUE,db,FALSE,,FALSE,FALSE
ncat00040,TA114,Tasak gyógyszeres kezelése,Pocket medication treatment,Medikamentöse Taschenbehandlung,pcat0015,300,6,FALSE,TRUE,FALSE,FALSE,FALSE,,1,,12,,3,,,TRUE,TRUE,TRUE,TRUE,01;03;7G;7T;7I;7K;7R;7U;7S;7B;08;09;0A;0D;0S;04;06;0E;0F;0G;0H;0R;0T;0V;0Y;0W;00,,,,0,TRUE,db,FALSE,,FALSE,FALSE
ncat00041,TA111,"Fogkő eltávolítása, supra- és subgingivalisan","Tartar removal, supra- and subgingival","Zahnsteinentfernung, supra- und subgingival",pcat0015,650,16,FALSE,FALSE,TRUE,FALSE,FALSE,,1,,6,,1,,,TRUE,TRUE,TRUE,TRUE,01;7G;7T;7I;7K;7R;7U;7B;08;09;04;06;0E;0F;0G;0H;0R;0T;0V;0Y;0W;00,TA112,,,0,TRUE,db,FALSE,,FALSE,FALSE
ncat00042,TA112,"Fogkő eltávolítása, supra- és subgingivalisan (súlyos alapbetegségnél)","Tartar removal, supra- and subgingival (severe systemic disease)","Zahnsteinentfernung, supra- und subgingival (schwere Allgemeinerkrankung)",pcat0015,650,16,FALSE,FALSE,TRUE,FALSE,FALSE,,1,,6,,2,,,TRUE,TRUE,TRUE,TRUE,01;7G;7T;7I;7K;7R;7U;7B;08;09;04;06;0E;0F;0G;0H;0R;0T;0V;0Y;0W;00,TA111,,,0,TRUE,db,FALSE,,FALSE,FALSE
ncat00043,TB113,Lebenyes tasakműtét,Flap surgery,Lappenoperation,pcat0015,920,33,FALSE,TRUE,FALSE,FALSE,FALSE,,1,,,,,,,FALSE,TRUE,FALSE,TRUE,01;7G;7T;7I;7K;7R;7U;7B;08;09;04;06;0E;0F;0G;0H;0R;0T;0V;0Y;0W;00,,,,0,TRUE,db,FALSE,,FALSE,FALSE
ncat00044,TB114,Gingivectomia,Gingivectomy,Gingivektomie,pcat0015,760,6,FALSE,TRUE,FALSE,FALSE,FALSE,,1,,,,,,,FALSE,TRUE,FALSE,TRUE,01;7G;7T;7I;7K;7R;7U;7B;08;09;04;06;0E;0F;0G;0H;0R;0T;0V;0Y;0W;00,,,,0,TRUE,db,FALSE,,FALSE,FALSE
ncat00045,TB115,Tasak kezelése zárt kürettázzsal,Pocket treatment with closed curettage,Taschenbehandlung mit geschlossener Kürettage,pcat0015,920,6,FALSE,TRUE,FALSE,FALSE,FALSE,,1,,6,,1,,,FALSE,TRUE,FALSE,TRUE,01;7G;7T;7I;7K;7R;7U;7B;08;09;04;06;0E;0F;0G;0H;0R;0T;0V;0Y;0W;00,,,,0,TRUE,db,FALSE,,FALSE,FALSE
ncat00046,TB116,Csontpótló anyag behelyezése,Bone graft material placement,Knochenersatzmaterial-Einbringung,pcat0015,1820,22,FALSE,TRUE,FALSE,FALSE,FALSE,,1,,,,,,,FALSE,TRUE,FALSE,TRUE,01;7G;7T;7I;7K;7R;7U;7B;08;09;0M;04;06;0E;0F;0G;0H;0R;0T;0V;0Y;0W;00,,,,0,TRUE,db,FALSE,,FALSE,FALSE
ncat00047,TB117,Irányított szövetregeneráció membrán alkalmazásával,Guided tissue regeneration with membrane,Gesteuerte Geweberegeneration mit Membran,pcat0015,3820,22,FALSE,TRUE,FALSE,FALSE,FALSE,,1,,,,,,,FALSE,TRUE,FALSE,TRUE,01;7G;7T;7I;7K;7R;7U;7B;08;09;0M;04;06;0E;0F;0G;0H;0R;0T;0V;0Y;0W;00,,,,0,TRUE,db,FALSE,,FALSE,FALSE
ncat00048,TB119,Komplikált szájnyálkahártya betegségek helyi kezelése,Local treatment of complicated oral mucosal diseases,Lokale Behandlung komplizierter Mundschleimhauterkrankungen,pcat0015,760,11,TRUE,FALSE,FALSE,FALSE,FALSE,,1,,,,,,,FALSE,TRUE,FALSE,TRUE,01;7G;7T;7I;7K;7R;7U;7B;08;09;04;06;0E;0F;0G;0H;0R;0T;0V;0Y;0W;00,,,,0,TRUE,db,FALSE,,FALSE,FALSE
ncat00049,TA120,Fogak sínezése,Tooth splinting,Zahnschienung,pcat0015,530,16,FALSE,TRUE,FALSE,FALSE,FALSE,,1,,,,,,,TRUE,TRUE,TRUE,TRUE,01;03;7G;7T;7I;7K;7R;7U;7S;7B;08;09;0A;0D;0S;04;06;0E;0F;0G;0H;0R;0T;0V;0Y;0W;00,,,,3,TRUE,db,FALSE,,FALSE,FALSE
ncat00050,TA121,Síneltávolítás,Splint removal,Schienenentfernung,pcat0015,70,16,FALSE,TRUE,FALSE,FALSE,FALSE,,1,,,,,,,TRUE,TRUE,TRUE,TRUE,01;7G;7T;7I;7K;7R;7U;7B;08;09;04;06;0E;0F;0G;0H;0R;0T;0V;0Y;0W;00,,,,3,TRUE,db,FALSE,,FALSE,FALSE
ncat00051,TB126,Fogak becsiszolása,Tooth grinding/adjustment,Einschleifen der Zähne,pcat0015,310,16,FALSE,TRUE,FALSE,FALSE,FALSE,,1,,,,,,,FALSE,TRUE,FALSE,TRUE,01;03;7G;7T;7I;7K;7R;7U;7S;7B;08;09;0A;0D;0S;04;06;0E;0F;0G;0H;0R;0T;0V;0Y;0W;00,,,,0,TRUE,db,FALSE,,FALSE,FALSE
ncat00052,TB127,"Műtéti utókezelés (kontroll, sebkezelés, csíkcsere, varratszedés, átöblítés)","Post-surgical follow-up (check, wound care, drain change, suture removal, irrigation)","Postoperative Nachbehandlung (Kontrolle, Wundversorgung, Streifenwechsel, Nahtentfernung, Spülung)",pcat0016,70,11,TRUE,FALSE,FALSE,FALSE,FALSE,,1,,,,,,,FALSE,TRUE,FALSE,TRUE,01;03;7G;7T;7I;7K;7R;7U;7S;7B;08;09;0A;0D;0S;04;06;0E;0F;0G;0H;0R;0T;0V;0Y;0W;00,TA156,,,0,TRUE,db,FALSE,,FALSE,FALSE
ncat00053,TA020,Lézerkezelés (soft),Soft laser treatment,Soft-Laserbehandlung,pcat0016,220,8,TRUE,FALSE,FALSE,FALSE,FALSE,,1,,,,,,,TRUE,TRUE,TRUE,TRUE,01;7G;7T;7I;7K;7R;7U;7B;08;09;04;06;0E;0F;0G;0H;0R;0T;0V;0Y;0W;00,,,,0,TRUE,db,FALSE,,FALSE,FALSE
ncat00054,FA169,Állkapocs luxatio repozíciója,Jaw luxation repositioning,Kiefergelenksluxation-Reposition,pcat0016,0,11,TRUE,FALSE,FALSE,FALSE,FALSE,,1,,,,,,,TRUE,TRUE,TRUE,TRUE,01;03;7G;7T;7I;7K;7R;7U;7S;7B;08;09;0A;0D;0S;04;06;0E;0F;0G;0H;0R;0T;0V;0Y;0W;00,,,,0,TRUE,db,FALSE,,FALSE,FALSE
ncat00055,TA130,Fogeltávolítás,Tooth extraction,Zahnextraktion,pcat0016,300,11,FALSE,TRUE,FALSE,FALSE,FALSE,,1,,,,,,,TRUE,TRUE,TRUE,TRUE,01;03;7G;7T;7I;7K;7R;7U;7S;7B;08;09;0A;0D;0S;04;06;0E;0F;0G;0H;0R;0T;0V;0Y;0W;00,TA135;FA100;FA101;TA102;TA103;TA104;TE105;TA107;TA116;TA109;TA110;TA114;TB113;TB114;TB115;TA120;TA121;TB126;TB132;TB141;TB142;TA148;TB152;TA171;TA172;TA161;TA162;TA164;TA167;TA190;TA192;TA193;TA194;TA197;TA198,,,0,TRUE,db,FALSE,[no-tooth],TRUE,FALSE
ncat00056,TA224,Fogeltávolítás orthodonciai célból,Tooth extraction for orthodontic purposes,Zahnextraktion zu kieferorthopädischen Zwecken,pcat0016,300,11,FALSE,TRUE,FALSE,FALSE,FALSE,,1,,,,,,,TRUE,TRUE,TRUE,TRUE,01;03;7G;7T;7I;7K;7R;7U;7S;7B;08;09;0A;0D;0S;04;06;0E;0F;0G;0H;0R;0T;0V;0Y;0W;00,TA135;TA098;FA100;FA101;TA102;TA103;TA104;TE105;TA107;TA116;TA109;TA110;TA222;FA116;TA114;TB113;TB114;TB115;TA120;TA121;TB126;TA130;TB131;TB132;TB141;TB142;FA147;TA148;TB152;TA171;TA172;TA161;TA162;TA164;TA167;FA181;TA190;TA192;TA193;TA194;FA195;TA197;TA198;TA225,,,0,TRUE,db,FALSE,[no-tooth],TRUE,FALSE
ncat00057,TA225,Fogeltávolítás gócvizsgálat eredményét követően vagy anamnézisben szereplő alapbetegség és annak kezelése miatt,Tooth extraction following focal examination or due to underlying disease,Zahnextraktion nach Herduntersuchung oder wegen Grunderkrankung,pcat0016,300,11,FALSE,TRUE,FALSE,FALSE,FALSE,,1,,,,,,,TRUE,TRUE,TRUE,TRUE,01;03;7G;7T;7I;7K;7R;7U;7S;7B;08;09;0A;0D;0S;04;06;0E;0F;0G;0H;0R;0T;0V;0Y;0W;00,TA135;TA098;FA100;FA101;TA102;TA103;TA104;TE105;TA107;TA116;TA109;TA110;TA222;FA116;TA114;TB113;TB114;TB115;TA120;TA121;TB126;TA130;TB131;TB132;TB141;TB142;FA147;TA148;TB152;TA171;TA172;TA161;TA162;TA164;TA167;FA181;TA190;TA192;TA193;TA194;FA195;TA197;TA198;TA224,,,0,TRUE,db,FALSE,[no-tooth],TRUE,FALSE
ncat00058,TB131,Fogeltávolítás feltárással,Surgical tooth extraction,Chirurgische Zahnextraktion,pcat0016,920,22,FALSE,TRUE,FALSE,FALSE,FALSE,,1,,,,,,,FALSE,TRUE,FALSE,TRUE,01;03;7G;7T;7I;7K;7R;7U;7S;7B;08;09;0A;0D;0S;04;06;0E;0F;0G;0H;0R;0T;0V;0Y;0W;00,TA135;FA100;FA101;TA102;TA103;TA104;TE105;TA107;TA116;TA109;TA110;TA114;TB113;TB114;TB115;TA120;TA121;TB126;TA130;TB131;TB132;TB141;TB142;TA148;TB152;TA171;TA172;TA161;TA162;TA164;TA167;TA190;TA192;TA193;TA194;TA197;TA198,,,0,TRUE,db,FALSE,[no-tooth],TRUE,FALSE
ncat00059,TB132,Retineált vagy impaktált fog eltávolítása,Retained or impacted tooth removal,Entfernung retinierter oder impaktierter Zähne,pcat0016,1830,27,FALSE,TRUE,FALSE,FALSE,FALSE,,1,,,,,,,FALSE,TRUE,FALSE,TRUE,01;7G;7T;7I;7K;7R;7U;7B;08;09;04;06;0E;0F;0G;0H;0R;0T;0V;0Y;0W;00,TA135;FA100;FA101;TA102;TA103;TA104;TE105;TA107;TA116;TA109;TA110;TA114;TB113;TB114;TB115;TA120;TA121;TB126;TA130;TB131;TB132;TB141;TB142;TA148;TB152;TA171;TA172;TA161;TA162;TA164;TA167;TA190;TA192;TA193;TA194;TA197;TA198,,,0,TRUE,db,FALSE,,FALSE,FALSE
ncat00060,TA135,"Alveolus excochleatio, sebellátással",Alveolar curettage with wound care,Alveolus-Exkochleation mit Wundversorgung,pcat0016,300,11,FALSE,TRUE,FALSE,FALSE,FALSE,,,,,,,,,TRUE,TRUE,TRUE,TRUE,01;03;7G;7T;7I;7K;7R;7U;7S;7B;08;09;0A;0D;0S;04;06;0E;0F;0G;0H;0R;0T;0V;0Y;0W;00,TA130;TB131;TB132;TB141;TB142,,,0,TRUE,db,FALSE,,FALSE,FALSE
ncat00061,TB137,Nyálkő eltávolítása invazív módon,Invasive salivary stone removal,Invasive Speichelsteinentfernung,pcat0016,2010,11,TRUE,FALSE,FALSE,FALSE,FALSE,,,,,,,,,FALSE,TRUE,FALSE,TRUE,01;7G;7T;7I;7K;7R;7U;7B;08;09;04;06;0E;0F;0G;0H;0R;0T;0V;0Y;0W;00,,,,0,TRUE,db,FALSE,,FALSE,FALSE
ncat00062,TA138,"Incisio, circumcisio","Incision, circumcision","Inzision, Zirkumzision",pcat0016,450,11,FALSE,FALSE,FALSE,TRUE,FALSE,,1,,,,,,,TRUE,TRUE,TRUE,TRUE,01;03;7G;7T;7I;7K;7R;7U;7S;7B;08;09;0A;0D;0S;04;06;0E;0F;0G;0H;0R;0T;0V;0Y;0W;00,,,,0,TRUE,db,FALSE,,FALSE,FALSE
ncat00063,TB139,Excisio,Excision,Exzision,pcat0016,460,8,TRUE,FALSE,FALSE,FALSE,FALSE,,,,,,,,,FALSE,TRUE,FALSE,TRUE,01;7G;7T;7I;7K;7R;7U;7B;08;09;04;06;0E;0F;0G;0H;0R;0T;0V;0Y;0W;00,,,,0,TRUE,db,FALSE,,FALSE,FALSE
ncat00064,TB140,Megnyílt arcüreg sebészi zárása,Surgical closure of opened maxillary sinus,Chirurgischer Verschluss der eröffneten Kieferhöhle,pcat0016,2300,27,FALSE,FALSE,FALSE,TRUE,FALSE,,1,,,,,,,FALSE,TRUE,FALSE,TRUE,01;03;7G;7T;7I;7K;7R;7U;7S;7B;08;09;0A;0D;0S;04;06;0E;0F;0G;0H;0R;0T;0V;0Y;0W;00,,,,0,TRUE,db,FALSE,,FALSE,FALSE
ncat00065,TB141,"Periapicalis excochleatio, gyökércsúcs rezekció","Periapical curettage, apicoectomy","Periapikale Kürettage, Wurzelspitzenresektion",pcat0016,1920,27,FALSE,TRUE,FALSE,FALSE,FALSE,,4,,,,,,,FALSE,TRUE,FALSE,TRUE,01;7G;7T;7I;7K;7R;7U;7B;08;09;04;06;0E;0F;0G;0H;0R;0T;0V;0Y;0W;00,TA135,,,0,TRUE,db,FALSE,,FALSE,FALSE
ncat00066,TB142,Retrográd gyökértömés,Retrograde root filling,Retrograde Wurzelfüllung,pcat0016,760,22,FALSE,TRUE,FALSE,FALSE,FALSE,,4,,,,,,,FALSE,TRUE,FALSE,TRUE,01;7G;7T;7I;7K;7R;7U;7B;08;09;04;06;0E;0F;0G;0H;0R;0T;0V;0Y;0W;00,TA135,,TB141,0,TRUE,db,FALSE,,FALSE,FALSE
ncat00067,TB143,Cystectomia,Cystectomy,Zystektomie,pcat0016,3100,27,FALSE,FALSE,FALSE,TRUE,FALSE,,1,,,,,,,FALSE,TRUE,FALSE,TRUE,01;7G;7T;7I;7K;7R;7U;7B;08;09;04;06;0E;0F;0G;0H;0R;0T;0V;0Y;0W;00,,,,0,TRUE,db,FALSE,,FALSE,FALSE
ncat00068,TB144,"Cystostomia, cysta-marsupialisatio","Cystostomy, cyst marsupialization","Zystostomie, Zystenmarsupialisation",pcat0016,3100,27,FALSE,FALSE,FALSE,TRUE,FALSE,,1,,,,,,,FALSE,TRUE,FALSE,TRUE,01;7G;7T;7I;7K;7R;7U;7B;08;09;04;06;0E;0F;0G;0H;0R;0T;0V;0Y;0W;00,,,,0,TRUE,db,FALSE,,FALSE,FALSE
ncat00069,TB145,Orális plasztika,Oral plastic surgery,Oralplastik,pcat0016,2000,22,TRUE,FALSE,FALSE,FALSE,FALSE,,1,,,,,,,FALSE,TRUE,FALSE,TRUE,01;7G;7T;7I;7K;7R;7U;7B;08;09;04;06;0E;0F;0G;0H;0R;0T;0V;0Y;0W;00,,,,0,TRUE,db,FALSE,,FALSE,FALSE
ncat00070,FA147,Fogrepozíció,Tooth repositioning,Zahnreposition,pcat0016,0,22,FALSE,TRUE,FALSE,FALSE,FALSE,,1,,,,,,,TRUE,TRUE,TRUE,TRUE,01;03;7G;7T;7I;7K;7R;7U;7S;7B;08;09;0A;0D;0S;04;06;0E;0F;0G;0H;0R;0T;0V;0Y;0W;00,TA120;TA148,,,0,TRUE,db,FALSE,,FALSE,FALSE
ncat00071,TA148,Fogreplantáció,Tooth replantation,Zahnreplantation,pcat0016,1490,22,FALSE,TRUE,FALSE,FALSE,FALSE,,1,,,,,,,TRUE,TRUE,TRUE,TRUE,01;03;7G;7T;7I;7K;7R;7U;7S;7B;08;09;0A;0D;0S;04;06;0E;0F;0G;0H;0R;0T;0V;0Y;0W;00,TA120;FA147,,,0,TRUE,db,FALSE,,FALSE,FALSE
ncat00072,TE149,Intraossealis implantatum behelyezése,Intraosseous implant placement,Intraossäres Implantat-Einsetzen,pcat0016,1610,22,TRUE,FALSE,FALSE,FALSE,FALSE,,,,,,,,,FALSE,FALSE,FALSE,TRUE,01;7G;7T;7I;7K;7R;7U;7B;08;09;0M;04;06;0E;0F;0G;0H;0R;0T;0V;0Y;0W;00,,,,0,TRUE,db,FALSE,,FALSE,FALSE
ncat00073,TE155,Intraossealis implantátum eltávolítása,Intraosseous implant removal,Intraossäres Implantat-Entfernung,pcat0016,760,11,FALSE,TRUE,FALSE,FALSE,FALSE,,1,,,,,,,FALSE,FALSE,FALSE,TRUE,01;03;7G;7T;7I;7K;7R;7U;7S;7B;08;09;0A;0D;0M;0S;04;06;0E;0F;0G;0H;0R;0T;0V;0Y;0W;00,TE149,,,0,TRUE,db,FALSE,,FALSE,FALSE
ncat00074,TB150,"Vaporisatio, lézer, kryo, elektrokauterrel végzett kezelések","Vaporization, laser, cryo, electrocautery treatments","Vaporisation, Laser-, Kryo-, Elektrokauter-Behandlungen",pcat0016,610,11,TRUE,FALSE,FALSE,FALSE,FALSE,,1,,,,,,,FALSE,TRUE,FALSE,TRUE,01;7G;7T;7I;7K;7R;7U;7B;08;09;04;06;0E;0F;0G;0H;0R;0T;0V;0Y;0W;00,,,,0,TRUE,db,FALSE,,FALSE,FALSE
ncat00075,TB151,Stomato-onkológiai gondozás,Stomato-oncological care,Stomato-onkologische Betreuung,pcat0016,310,11,TRUE,FALSE,FALSE,FALSE,FALSE,,1,,,,,,,FALSE,TRUE,FALSE,TRUE,01;7G;7T;7I;7K;7R;7U;7B;08;09;04;06;0E;0F;0G;0H;0R;0T;0V;0Y;0W;00,,,,0,TRUE,db,FALSE,,FALSE,FALSE
ncat00076,TB152,Foggyökér dissectio,Root dissection,Wurzeldissektion,pcat0016,780,22,FALSE,TRUE,FALSE,FALSE,FALSE,,1,,,,,,,FALSE,TRUE,FALSE,TRUE,01;7G;7T;7I;7K;7R;7U;7B;08;09;04;06;0E;0F;0G;0H;0R;0T;0V;0Y;0W;00,TA130;TB131;TB132,,,0,TRUE,db,FALSE,,FALSE,FALSE
ncat00077,TB153,Lágyrész traumák ellátása,Soft tissue trauma treatment,Weichgewebstraumaversorgung,pcat0016,460,11,TRUE,FALSE,FALSE,FALSE,FALSE,,1,,,,,,,FALSE,TRUE,FALSE,TRUE,01;03;7G;7T;7I;7K;7R;7U;7S;7B;08;09;0A;0D;0S;04;06;0E;0F;0G;0H;0R;0T;0V;0Y;0W;00,,,,0,TRUE,db,FALSE,,FALSE,FALSE
ncat00078,TB154,"Frenulectomia, frenulotomia","Frenulectomy, frenulotomy","Frenulektomie, Frenulotomie",pcat0016,760,9,TRUE,FALSE,FALSE,FALSE,FALSE,,3,,,,,,,FALSE,TRUE,FALSE,TRUE,01;7G;7T;7I;7K;7R;7U;7B;08;09;04;06;0E;0F;0G;0H;0R;0T;0V;0Y;0W;00,,,,0,TRUE,db,FALSE,,FALSE,FALSE
ncat00079,TA155,Vérzéscsillapítás,Hemostasis,Blutstillung,pcat0016,890,11,TRUE,FALSE,FALSE,FALSE,FALSE,,1,,,,,,,TRUE,TRUE,TRUE,TRUE,01;03;7G;7T;7I;7K;7R;7U;7S;7B;08;09;0A;0D;0S;04;06;0E;0F;0G;0H;0R;0T;0V;0Y;0W;00,,,,0,TRUE,db,FALSE,,FALSE,FALSE
ncat00080,TA156,Sutura eltávolítás,Suture removal,Nahtentfernung,pcat0016,30,6,TRUE,FALSE,FALSE,FALSE,FALSE,,1,,,,,,,TRUE,TRUE,TRUE,TRUE,01;7G;7T;7I;7K;7R;7U;7B;08;09;04;06;0E;0F;0G;0H;0R;0T;0V;0Y;0W;00,TB127,,,0,TRUE,db,FALSE,,FALSE,FALSE
ncat00081,TB155,Alveolus korrekció,Alveolar correction,Alveolus-Korrektur,pcat0016,920,16,FALSE,FALSE,TRUE,FALSE,FALSE,,1,,,,,,,FALSE,TRUE,FALSE,TRUE,01;03;7G;7T;7I;7K;7R;7U;7S;7B;08;09;0A;0D;0S;04;06;0E;0F;0G;0H;0R;0T;0V;0Y;0W;00,,,,0,TRUE,db,FALSE,,FALSE,FALSE
ncat00082,TB156,Intermaxilláris fixatio (IMF) felhelyezése,Intermaxillary fixation (IMF) placement,Intermaxilläre Fixation (IMF) Anlegen,pcat0016,4000,66,TRUE,FALSE,FALSE,FALSE,FALSE,,1,,,,,,,FALSE,TRUE,FALSE,TRUE,01;03;7G;7T;7I;7K;7R;7U;7S;7B;08;09;0A;0D;0S;04;06;0E;0F;0G;0H;0R;0T;0V;0Y;0W;00,,,,0,TRUE,db,FALSE,,FALSE,FALSE
ncat00083,TA223,Teljes lemezes fogpótlás készítéséhez anatómiai lenyomatvétel,Anatomical impression for complete denture,Anatomischer Abdruck für Totalprothese,pcat0017,100,11,FALSE,FALSE,TRUE,FALSE,FALSE,,1,,48,,1,,,TRUE,TRUE,TRUE,TRUE,7G;7T;7I;7K;7R;7U;7B;08;09;0M;04;06;0E;0F;0G;0H;0R;0T;0V;0Y;0W;00,,,,0,TRUE,db,FALSE,,FALSE,FALSE
ncat00084,TA157,Teljes lemezes fogpótlás készítéséhez funkciós lenyomatvétel,Functional impression for complete denture,Funktionsabdruck für Totalprothese,pcat0017,100,22,FALSE,FALSE,TRUE,FALSE,FALSE,,1,,48,,1,,,TRUE,TRUE,TRUE,TRUE,7G;7T;7I;7K;7R;7U;7B;08;09;0M;04;06;0E;0F;0G;0H;0R;0T;0V;0Y;0W;00,,,,0,TRUE,db,FALSE,,FALSE,FALSE
ncat00085,TA158,Részleges lemezes fogpótlás készítéséhez lenyomatvétel,Impression for partial denture,Abdruck für Teilprothese,pcat0017,100,16,FALSE,FALSE,TRUE,FALSE,FALSE,,1,,48,,1,,,TRUE,TRUE,TRUE,TRUE,7G;7T;7I;7K;7R;7U;7B;08;09;0M;04;06;0E;0F;0G;0H;0R;0T;0V;0Y;0W;00,,,,0,TRUE,db,FALSE,,FALSE,FALSE
ncat00086,FA159,Állcsont reláció meghatározása,Jaw relation determination,Kieferrelationsbestimmung,pcat0017,0,22,TRUE,FALSE,FALSE,FALSE,FALSE,,1,,48,,1,,,TRUE,TRUE,TRUE,TRUE,7G;7T;7I;7K;7R;7U;7B;08;09;0M;04;06;0E;0F;0G;0H;0R;0T;0V;0Y;0W;00,,,,0,TRUE,db,FALSE,,FALSE,FALSE
ncat00087,TA171,"Egyszerű előkészítést igénylő korona (""szóló"") behelyezése",Crown placement requiring simple preparation,Kroneneinsetzen mit einfacher Präparation,pcat0017,890,16,FALSE,TRUE,FALSE,FALSE,FALSE,,1,,60,,1,,,TRUE,TRUE,TRUE,TRUE,7G;7T;7I;7U;7B;08;09;0M;04;06;0E;0F;0G;0H;0R;0T;0V;0Y;0W;00,TA172,,,0,TRUE,db,FALSE,metal-crown,TRUE,FALSE
ncat00088,TA172,"Vállas előkészítést igénylő korona (""szóló"") behelyezése",Crown placement requiring shoulder preparation,Kroneneinsetzen mit Stufenpräparation,pcat0017,1190,16,FALSE,TRUE,FALSE,FALSE,FALSE,,1,,60,,1,,,TRUE,TRUE,TRUE,TRUE,7G;7T;7I;7U;7B;08;09;0M;04;06;0E;0F;0G;0H;0R;0T;0V;0Y;0W;00,TA171,,,0,TRUE,db,FALSE,metal-crown,TRUE,FALSE
ncat00089,TA161,Gyökércsapos fogmű behelyezése,Root post prosthesis placement,Stiftaufbau-Einsetzen,pcat0017,1490,16,FALSE,TRUE,FALSE,FALSE,FALSE,,1,,60,,1,,,TRUE,TRUE,TRUE,TRUE,7G;7T;7I;7U;7B;08;09;0M;04;06;0E;0F;0G;0H;0R;0T;0V;0Y;0W;00,,,,0,TRUE,db,FALSE,endo-metal-pin,TRUE,FALSE
ncat00090,TA162,Híd-horgony behelyezése,Bridge anchor placement,Brückenanker-Einsetzen,pcat0017,1190,16,FALSE,TRUE,FALSE,FALSE,FALSE,,1,,60,,1,,,TRUE,TRUE,TRUE,TRUE,7G;7T;7I;7U;7B;08;09;0M;04;06;0E;0F;0G;0H;0R;0T;0V;0Y;0W;00,,,TA163,0,TRUE,db,FALSE,,FALSE,FALSE
ncat00091,TA163,Hídtest behelyezése,Bridge pontic placement,Brückenzwischenglied-Einsetzen,pcat0017,590,6,FALSE,TRUE,FALSE,FALSE,FALSE,,1,,60,,1,,,TRUE,TRUE,TRUE,TRUE,7G;7T;7I;7U;7B;08;09;0M;04;06;0E;0F;0G;0H;0R;0T;0V;0Y;0W;00,,,TA162,0,TRUE,db,FALSE,,FALSE,FALSE
ncat00092,TA164,"Korona, híd eltávolítása","Crown, bridge removal","Kronen-, Brückenentfernung",pcat0017,300,11,FALSE,TRUE,FALSE,FALSE,FALSE,,1,,,,,,,TRUE,TRUE,TRUE,TRUE,03;7G;7T;7I;7U;7S;7B;08;09;0A;0D;0M;0S;04;06;0E;0F;0G;0H;0R;0T;0V;0Y;0W;00,,,,0,TRUE,db,FALSE,,FALSE,FALSE
ncat00093,TA165,Részleges lemezes fogpótlás behelyezése,Partial denture placement,Teilprothesen-Einsetzen,pcat0017,3710,11,FALSE,FALSE,TRUE,FALSE,FALSE,,1,,48,,1,,,TRUE,TRUE,TRUE,TRUE,7G;7T;7I;7K;7R;7U;7B;08;09;0M;04;06;0E;0F;0G;0H;0R;0T;0V;0Y;0W;00,TA166,,,0,TRUE,db,FALSE,,FALSE,FALSE
ncat00094,TA166,Teljes lemezes fogpótlás behelyezése,Complete denture placement,Totalprothesen-Einsetzen,pcat0017,4460,6,FALSE,FALSE,TRUE,FALSE,FALSE,,1,,48,,1,,,TRUE,TRUE,TRUE,TRUE,7G;7T;7I;7K;7R;7U;7B;08;09;0M;04;06;0E;0F;0G;0H;0R;0T;0V;0Y;0W;00,TA165,,,0,TRUE,db,FALSE,[full-denture],TRUE,FALSE
ncat00095,TA167,Korona és/vagy híd visszaragasztása,Crown and/or bridge re-cementation,Kronen- und/oder Brückenwiederbefestigung,pcat0017,70,16,FALSE,TRUE,FALSE,FALSE,FALSE,,1,,6,,1,,,TRUE,TRUE,TRUE,TRUE,03;7G;7T;7I;7U;7S;7B;08;09;0A;0D;0M;0S;04;06;0E;0F;0G;0H;0R;0T;0V;0Y;0W;00,,,,0,TRUE,db,FALSE,,FALSE,FALSE
ncat00096,TA168,Harapásemelő behelyezése,Bite raiser placement,Aufbissschienen-Einsetzen,pcat0017,1490,11,FALSE,FALSE,TRUE,FALSE,FALSE,,1,,12,,1,,,TRUE,TRUE,TRUE,TRUE,7G;7T;7I;7K;7R;7U;7B;08;09;0M;04;06;0E;0F;0G;0H;0R;0T;0V;0Y;0W;00,,,,0,TRUE,db,FALSE,,FALSE,FALSE
ncat00097,TE169,Speciális fogpótlások behelyezése,Special prostheses placement,Spezialprothetik-Einsetzen,pcat0017,13800,22,FALSE,FALSE,TRUE,FALSE,FALSE,,1,,,,,,,FALSE,FALSE,FALSE,TRUE,01;7G;7T;7I;7K;7R;7U;7B;08;09;0M;04;06;0E;0F;0G;0H;0R;0T;0V;0Y;0W;00,TE170,,,0,TRUE,db,FALSE,,FALSE,FALSE
ncat00098,TE170,Oro-maxillo-faciális protetikai rehabilitáció,Oro-maxillofacial prosthetic rehabilitation,Oromaxillofaziale prothetische Rehabilitation,pcat0017,21600,220,TRUE,FALSE,FALSE,FALSE,FALSE,,1,,,,,,,FALSE,FALSE,FALSE,TRUE,01;7G;7T;7I;7K;7R;7U;7B;08;09;0M;04;06;0E;0F;0G;0H;0R;0T;0V;0Y;0W;00,TE169,,,0,TRUE,db,FALSE,,FALSE,FALSE
ncat00099,TE171,Állkapocs diszfunkció kezelése,TMJ dysfunction treatment,Kiefergelenksdysfunktion-Behandlung,pcat0017,1600,22,TRUE,FALSE,FALSE,FALSE,FALSE,,1,,,,,,,FALSE,FALSE,FALSE,TRUE,01;7G;7T;7I;7K;7R;7U;7B;08;09;0M;04;06;0E;0F;0G;0H;0R;0T;0V;0Y;0W;00,,,,0,TRUE,db,FALSE,,FALSE,FALSE
ncat00100,FA172,Fogsorpróba,Denture try-in,Prothesenanprobe,pcat0017,0,11,FALSE,FALSE,TRUE,FALSE,FALSE,,1,,,,,,,TRUE,TRUE,TRUE,TRUE,7G;7T;7I;7K;7R;7U;7B;08;09;0M;04;06;0E;0F;0G;0H;0R;0T;0V;0Y;0W;00,,,,0,TRUE,db,FALSE,,FALSE,FALSE
ncat00101,TA173,Fogpótlás korrekció,Prosthesis correction,Zahnersatzkorrektur,pcat0017,180,11,FALSE,FALSE,TRUE,FALSE,FALSE,,1,,6,,3,,,TRUE,TRUE,TRUE,TRUE,03;7G;7T;7I;7K;7R;7U;7S;7B;08;09;0A;0D;0M;0S;04;06;0E;0F;0G;0H;0R;0T;0V;0Y;0W;00,,,,0,TRUE,db,FALSE,,FALSE,FALSE
ncat00102,TA179,Lemezes fogpótlás alábélelése rendelőben,Denture relining in office,Prothesenunterfütterung in der Praxis,pcat0017,370,33,FALSE,FALSE,TRUE,FALSE,FALSE,,1,,12,,1,,,TRUE,TRUE,TRUE,TRUE,7G;7T;7I;7K;7R;7U;7B;08;09;0M;04;06;0E;0F;0G;0H;0R;0T;0V;0Y;0W;00,TA181,,,0,TRUE,db,FALSE,,FALSE,FALSE
ncat00103,TA181,Lemezes fogpótlás alábélelése fogtechnikai laboratóriumban lenyomat alapján,Denture relining in lab based on impression,Prothesenunterfütterung im Labor nach Abdruck,pcat0017,180,16,FALSE,FALSE,TRUE,FALSE,FALSE,,1,,,,,,,TRUE,TRUE,TRUE,TRUE,7G;7T;7I;7K;7R;7U;7B;08;09;0M;04;06;0E;0F;0G;0H;0R;0T;0V;0Y;0W;00,TA179,,,0,TRUE,db,FALSE,,FALSE,FALSE
ncat00104,TA178,Lemezes fogpótlás javítása,Denture repair,Prothesenreparatur,pcat0017,370,16,FALSE,FALSE,TRUE,FALSE,FALSE,,1,,,,,,,TRUE,TRUE,TRUE,TRUE,7G;7T;7I;7K;7R;7U;7B;08;09;0M;04;06;0E;0F;0G;0H;0R;0T;0V;0Y;0W;00,,,,0,TRUE,db,FALSE,,FALSE,FALSE
ncat00105,TB179,Instrumentális okklúziós analízis és korrekció,Instrumental occlusal analysis and correction,Instrumentelle Okklusionsanalyse und -korrektur,pcat0017,4600,66,TRUE,FALSE,FALSE,FALSE,FALSE,,1,,,,,,,FALSE,TRUE,FALSE,TRUE,7G;7T;7I;7K;7R;7U;7B;08;09;0M;04;06;0E;0F;0G;0H;0R;0T;0V;0Y;0W;00,,,,0,TRUE,db,FALSE,,FALSE,FALSE
ncat00106,FA181,Csonk preparáció,Abutment preparation,Stumpfpräparation,pcat0017,0,16,FALSE,TRUE,FALSE,FALSE,FALSE,,1,,,,,,,TRUE,TRUE,TRUE,TRUE,7G;7T;7I;7U;7B;08;09;0M;04;06;0E;0F;0G;0H;0R;0T;0V;0Y;0W;00,,,,0,TRUE,db,FALSE,,FALSE,FALSE
ncat00107,FA182,Vázpróba,Framework try-in,Gerüstanprobe,pcat0017,0,11,TRUE,FALSE,FALSE,FALSE,FALSE,,,,,,,,,TRUE,TRUE,TRUE,TRUE,7G;7T;7I;7U;7B;08;09;0M;04;06;0E;0F;0G;0H;0R;0T;0V;0Y;0W;00,,,,0,TRUE,db,FALSE,,FALSE,FALSE
ncat00108,FA191,Rögzített fogpótlás készítéséhez lenyomatvétel,Impression for fixed prosthesis,Abdruck für festsitzenden Zahnersatz,pcat0017,0,27,FALSE,FALSE,TRUE,FALSE,FALSE,,1,,,,,,,TRUE,TRUE,TRUE,TRUE,7G;7T;7I;7U;7B;08;09;0M;04;06;0E;0F;0G;0H;0R;0T;0V;0Y;0W;00,,,,0,TRUE,db,FALSE,,FALSE,FALSE
ncat00109,TA187,"Helyi fluoridálás, segédeszköz nélkül",Local fluoridation without appliance,Lokalfluoridierung ohne Hilfsmittel,pcat0018,280,6,FALSE,FALSE,TRUE,FALSE,FALSE,,1,,6,,1,02.01.,08.01.,TRUE,TRUE,TRUE,TRUE,7G;7T;7I;09;04;06;0E;0F;0G;0H;0R;0T;0V;0Y;0W;00,TA188;TB222,,,0,TRUE,db,FALSE,,FALSE,FALSE
ncat00110,TA188,"Helyi fluoridálás, segédeszközzel",Local fluoridation with appliance,Lokalfluoridierung mit Hilfsmittel,pcat0018,330,11,FALSE,FALSE,TRUE,FALSE,FALSE,,1,,6,,1,02.01.,08.01.,TRUE,TRUE,TRUE,TRUE,7G;7T;7I;09;04;06;0E;0F;0G;0H;0R;0T;0V;0Y;0W;00,TA187;TB222,,,0,TRUE,db,FALSE,,FALSE,FALSE
ncat00111,TA189,Helyfenntartó behelyezése,Space maintainer placement,Platzhalter-Einsetzen,pcat0018,590,27,TRUE,FALSE,FALSE,FALSE,FALSE,,,,,,,,,TRUE,TRUE,TRUE,TRUE,7G;7T;7I;09;04;06;0E;0F;0G;0H;0R;0T;0V;0Y;0W;00,,,,0,TRUE,db,FALSE,,FALSE,FALSE
ncat00112,TA190,Barázdazárás,Fissure sealing,Fissurenversiegelung,pcat0018,550,11,FALSE,FALSE,FALSE,FALSE,TRUE,X,1,,12,,1,,,TRUE,TRUE,TRUE,TRUE,7G;7T;7I;09;04;06;0E;0F;0G;0H;0R;0T;0V;0Y;0W;00,FA100;FA101;TA102;TA103;TA104;TE105;TA109,,,0,TRUE,db,FALSE,fissure-sealing-occlusal,TRUE,FALSE
ncat00113,TA192,Traumásan sérült fog ellátása,Traumatically injured tooth treatment,Behandlung traumatisch verletzter Zähne,pcat0018,520,16,FALSE,TRUE,FALSE,FALSE,FALSE,,1,,,,,,,TRUE,TRUE,TRUE,TRUE,03;7G;7T;7I;7S;09;0A;0D;0S;04;06;0E;0F;0G;0H;0R;0T;0V;0Y;0W;00,,,,0,TRUE,db,FALSE,,FALSE,FALSE
ncat00114,TA193,Ideiglenes gyökértömés készítése,Temporary root canal filling,Provisorische Wurzelfüllung,pcat0018,590,11,FALSE,TRUE,FALSE,FALSE,FALSE,,4,M,,,3,,,TRUE,TRUE,TRUE,TRUE,03;7G;7T;7I;7S;09;0A;0D;0S;04;06;0E;0F;0G;0H;0R;0T;0V;0Y;0W;00,,,,0,TRUE,db,FALSE,endo-medical-filling,TRUE,FALSE
ncat00115,TA194,Pulpotómia,Pulpotomy,Pulpotomie,pcat0018,220,11,FALSE,TRUE,FALSE,FALSE,FALSE,,1,,,,1,,,TRUE,TRUE,TRUE,TRUE,03;7G;7T;7I;7S;09;0A;0D;0S;04;06;0E;0F;0G;0H;0R;0T;0V;0Y;0W;00,,,,0,TRUE,db,FALSE,,FALSE,FALSE
ncat00116,FA195,Tejfog elcsiszolása és/vagy impregnálása,Deciduous tooth grinding and/or impregnation,Milchzahnbeschleifen und/oder Imprägnierung,pcat0018,0,6,FALSE,TRUE,FALSE,FALSE,FALSE,,1,T,,,,,,TRUE,TRUE,TRUE,TRUE,7G;7T;7I;09;04;06;0E;0F;0G;0H;0R;0T;0V;0Y;0W;00,,,,0,TRUE,db,TRUE,,FALSE,FALSE
ncat00117,TA197,Tejfogtömés – egy felszínen,Deciduous tooth filling - one surface,Milchzahnfüllung - eine Fläche,pcat0018,890,11,FALSE,FALSE,FALSE,FALSE,TRUE,E,1,T,,,,,,TRUE,TRUE,TRUE,TRUE,7G;7T;7I;09;04;06;0E;0F;0G;0H;0R;0T;0V;0Y;0W;00,,,,0,TRUE,db,TRUE,filling-gic-[surfaces1],TRUE,FALSE
ncat00118,TA198,Tejfogtömés – több felszínen,Deciduous tooth filling - multiple surfaces,Milchzahnfüllung - mehrere Flächen,pcat0018,1260,16,FALSE,FALSE,FALSE,FALSE,TRUE,T,1,T,,,,,,TRUE,TRUE,TRUE,TRUE,7G;7T;7I;09;04;06;0E;0F;0G;0H;0R;0T;0V;0Y;0W;00,,,,0,TRUE,db,TRUE,filling-gic-[surfaces4],TRUE,FALSE
ncat00119,FA200,Dentíciós panaszok ellátása,Teething complaints treatment,Dentitionsbeschwerden-Behandlung,pcat0018,0,6,TRUE,FALSE,FALSE,FALSE,FALSE,,1,,,,,,,TRUE,TRUE,TRUE,TRUE,01;03;7G;7T;7I;7K;7R;7S;09;0A;0D;0S;04;06;0E;0F;0G;0H;0R;0T;0V;0Y;0W;00,,,,0,TRUE,db,TRUE,,FALSE,FALSE
ncat00120,TB208,"Kivehető fogszabályozó készülék adaptálása, aktiválása","Removable orthodontic appliance adaptation, activation","Herausnehmbare KFO-Apparatur Anpassung, Aktivierung",pcat0019,370,11,FALSE,FALSE,TRUE,FALSE,FALSE,,1,,,28,1,,,FALSE,TRUE,FALSE,TRUE,7G;7T;7I;7B;09;0M;04;06;0E;0F;0G;0H;0R;0T;0V;0Y;0W;00,,,,0,TRUE,db,FALSE,,FALSE,FALSE
ncat00121,TB209,"Rögzített fogszabályozó készülék aktiválása, ellenőrzése","Fixed orthodontic appliance activation, check","Festsitzende KFO-Apparatur Aktivierung, Kontrolle",pcat0019,370,11,FALSE,FALSE,TRUE,FALSE,FALSE,,1,,,28,1,,,FALSE,TRUE,FALSE,TRUE,7G;7T;7I;7B;09;0M;04;06;0E;0F;0G;0H;0R;0T;0V;0Y;0W;00,,,,0,TRUE,db,FALSE,,FALSE,FALSE
ncat00122,TB210,Ortodonciai mérések,Orthodontic measurements,Kieferorthopädische Messungen,pcat0019,760,38,TRUE,FALSE,FALSE,FALSE,FALSE,,1,,,,,,,FALSE,TRUE,FALSE,TRUE,7G;7T;7I;7B;09;0M;04;06;0E;0F;0G;0H;0R;0T;0V;0Y;0W;00,,,,0,TRUE,db,FALSE,,FALSE,FALSE
ncat00123,TA211,Kisfokú fogazati eltérés szabályozásának megkezdése,Minor dental deviation regulation start,Regulierung geringfügiger Zahnstellungsabweichung Beginn,pcat0019,2530,16,FALSE,FALSE,TRUE,FALSE,FALSE,,1,,12,,1,,,TRUE,TRUE,TRUE,TRUE,7G;7T;7I;7B;09;0M;04;06;0E;0F;0G;0H;0R;0T;0V;0Y;0W;00,TB213;TB215;TB217;TB219,,,0,TRUE,db,FALSE,,FALSE,FALSE
ncat00124,TA212,Kisfokú fogazati eltérés szabályozásának befejezése,Minor dental deviation regulation completion,Regulierung geringfügiger Zahnstellungsabweichung Abschluss,pcat0019,3710,16,FALSE,FALSE,TRUE,FALSE,FALSE,,1,,,,,,,TRUE,TRUE,TRUE,TRUE,7G;7T;7I;7B;09;0M;04;06;0E;0F;0G;0H;0R;0T;0V;0Y;0W;00,TB214;TB216;TB218;TB220,,,0,TRUE,db,FALSE,,FALSE,FALSE
ncat00125,TB213,Közepes fokú fogazati eltérés szabályozásának megkezdése,Moderate dental deviation regulation start,Regulierung mittelgradiger Zahnstellungsabweichung Beginn,pcat0019,3820,22,FALSE,FALSE,TRUE,FALSE,FALSE,,1,,12,,1,,,FALSE,TRUE,FALSE,TRUE,7G;7T;7I;7B;09;0M;04;06;0E;0F;0G;0H;0R;0T;0V;0Y;0W;00,TA211;TB215;TB217;TB219,,,0,TRUE,db,FALSE,,FALSE,FALSE
ncat00126,TB214,Közepes fokú fogazati eltérés szabályozásának befejezése,Moderate dental deviation regulation completion,Regulierung mittelgradiger Zahnstellungsabweichung Abschluss,pcat0019,5700,22,FALSE,FALSE,TRUE,FALSE,FALSE,,1,,,,,,,FALSE,TRUE,FALSE,TRUE,7G;7T;7I;7B;09;0M;04;06;0E;0F;0G;0H;0R;0T;0V;0Y;0W;00,TA212;TB216;TB218;TB220,,,0,TRUE,db,FALSE,,FALSE,FALSE
ncat00127,TB215,Nagyfokú fogazati eltérés szabályozásának megkezdése,Major dental deviation regulation start,Regulierung hochgradiger Zahnstellungsabweichung Beginn,pcat0019,5100,27,FALSE,FALSE,TRUE,FALSE,FALSE,,1,,24,,1,,,FALSE,TRUE,FALSE,TRUE,7G;7T;7I;7B;09;0M;04;06;0E;0F;0G;0H;0R;0T;0V;0Y;0W;00,TA211;TB213;TB217;TB219,,,0,TRUE,db,FALSE,,FALSE,FALSE
ncat00128,TB216,Nagyfokú fogazati eltérés szabályozásának befejezése,Major dental deviation regulation completion,Regulierung hochgradiger Zahnstellungsabweichung Abschluss,pcat0019,7500,22,FALSE,FALSE,TRUE,FALSE,FALSE,,1,,,,,,,FALSE,TRUE,FALSE,TRUE,7G;7T;7I;7B;09;0M;04;06;0E;0F;0G;0H;0R;0T;0V;0Y;0W;00,TA212;TB214;TB218;TB220,,,0,TRUE,db,FALSE,,FALSE,FALSE
ncat00129,TB219,Veleszületett súlyos fejlődési rendellenességek fogszabályozási ellátásának megkezdése,Congenital severe developmental disorders orthodontic treatment start,Angeborene schwere Entwicklungsstörungen KFO-Behandlung Beginn,pcat0019,5400,55,FALSE,FALSE,TRUE,FALSE,FALSE,,1,,12,,1,,,FALSE,TRUE,FALSE,TRUE,7G;7T;7I;7B;09;0M;04;06;0E;0F;0G;0H;0R;0T;0V;0Y;0W;00,TA211;TB213;TB215;TB217,,,0,TRUE,db,FALSE,,FALSE,FALSE
ncat00130,TB220,Veleszületett súlyos fejlődési rendellenességek fogszabályozási ellátásának befejezése,Congenital severe developmental disorders orthodontic treatment completion,Angeborene schwere Entwicklungsstörungen KFO-Behandlung Abschluss,pcat0019,7900,33,FALSE,FALSE,TRUE,FALSE,FALSE,,1,,,,,,,FALSE,TRUE,FALSE,TRUE,7G;7T;7I;7B;09;0M;04;06;0E;0F;0G;0H;0R;0T;0V;0Y;0W;00,TA211;TB213;TB215;TB217,,,0,TRUE,db,FALSE,,FALSE,FALSE
ncat00131,TB217,Retenciós kezelési fázis megkezdése,Retention phase start,Retentionsphase Beginn,pcat0019,1100,22,FALSE,FALSE,TRUE,FALSE,FALSE,,1,,,,,,,FALSE,TRUE,FALSE,TRUE,7G;7T;7I;7B;09;0M;04;06;0E;0F;0G;0H;0R;0T;0V;0Y;0W;00,TA211;TB213;TB215;TB219,,,0,TRUE,db,FALSE,,FALSE,FALSE
ncat00132,TB218,Retenciós kezelési fázis befejezése,Retention phase completion,Retentionsphase Abschluss,pcat0019,1700,22,FALSE,FALSE,TRUE,FALSE,FALSE,,1,,,,,,,FALSE,TRUE,FALSE,TRUE,7G;7T;7I;7B;09;0M;04;06;0E;0F;0G;0H;0R;0T;0V;0Y;0W;00,TA212;TB214;TB216;TB220,,,0,TRUE,db,FALSE,,FALSE,FALSE
ncat00133,TA219,"Preventív, illetve kiegészítő fogszabályozási tevékenység",Preventive and supplementary orthodontic activity,Präventive und ergänzende kieferorthopädische Tätigkeit,pcat0019,450,16,TRUE,FALSE,FALSE,FALSE,FALSE,,1,,12,,3,,,TRUE,TRUE,TRUE,TRUE,7G;7T;7I;7B;09;0M;04;06;0E;0F;0G;0H;0R;0T;0V;0Y;0W;00,,,,0,TRUE,db,FALSE,,FALSE,FALSE
ncat00134,FA220,Rossz szokásról való leszoktatás megkezdése,Bad habit cessation start,Abgewöhnung schlechter Gewohnheiten Beginn,pcat0019,0,6,TRUE,FALSE,FALSE,FALSE,FALSE,,1,,,,,,,TRUE,TRUE,TRUE,TRUE,7G;7T;7I;0M;04;06;0E;0F;0G;0H;0R;0T;0V;0Y;0W;00,,,,1,TRUE,db,FALSE,,FALSE,FALSE
ncat00135,FA221,Rossz szokásról való leszoktatás befejezése,Bad habit cessation completion,Abgewöhnung schlechter Gewohnheiten Abschluss,pcat0019,0,6,TRUE,FALSE,FALSE,FALSE,FALSE,,1,,,,,,,TRUE,TRUE,TRUE,TRUE,7G;7T;7I;0M;04;06;0E;0F;0G;0H;0R;0T;0V;0Y;0W;00,,,,1,TRUE,db,FALSE,,FALSE,FALSE
ncat00136,TB222,"Rögzített fogszabályozó eltávolítása, fluoridálás, polírozás","Fixed orthodontic removal, fluoridation, polishing","Festsitzende KFO-Apparatur Entfernung, Fluoridierung, Politur",pcat0019,760,27,FALSE,FALSE,TRUE,FALSE,FALSE,,1,,,,,,,FALSE,TRUE,FALSE,TRUE,7G;7T;7I;7B;09;0M;04;06;0E;0F;0G;0H;0R;0T;0V;0Y;0W;00,TA187;TA188;TB212;TB214,,,0,TRUE,db,FALSE,,FALSE,FALSE
ncat00137,TB225,Bracketragasztás (újraragasztás),Bracket bonding (re-bonding),Bracket-Befestigung (Neubefestigung),pcat0019,300,6,TRUE,FALSE,FALSE,FALSE,FALSE,,1,,6,,1,,,FALSE,TRUE,FALSE,TRUE,7G;7T;7I;7B;09;0M;04;06;0E;0F;0G;0H;0R;0T;0V;0Y;0W;00,,,,0,TRUE,db,FALSE,,FALSE,FALSE
ncat00138,TB226,Gyűrűragasztás (újraragasztás),Band bonding (re-bonding),Ringbefestigung (Neubefestigung),pcat0019,300,6,TRUE,FALSE,FALSE,FALSE,FALSE,,1,,6,,1,,,FALSE,TRUE,FALSE,TRUE,7G;7T;7I;7B;09;0M;04;06;0E;0F;0G;0H;0R;0T;0V;0Y;0W;00,,,,0,TRUE,db,FALSE,,FALSE,FALSE
ncat00139,TB227,Ívcsere,Arch wire change,Bogenwechsel,pcat0019,460,6,FALSE,FALSE,TRUE,FALSE,FALSE,,1,,6,,1,,,FALSE,TRUE,FALSE,TRUE,7G;7T;7I;7B;09;0M;04;06;0E;0F;0G;0H;0R;0T;0V;0Y;0W;00,,,,0,TRUE,db,FALSE,,FALSE,FALSE
ncat00140,TB228,Szekciós ív bekötése,Sectional arch wire ligation,Sektionsbogen-Einligieren,pcat0019,530,6,TRUE,FALSE,FALSE,FALSE,FALSE,,1,,,,,,,FALSE,TRUE,FALSE,TRUE,7G;7T;7I;7B;09;0M;04;06;0E;0F;0G;0H;0R;0T;0V;0Y;0W;00,,,,0,TRUE,db,FALSE,,FALSE,FALSE
ncat00141,TB229,Fogfelszabadítás,Tooth uncovering,Zahnfreilegung,pcat0019,2140,16,TRUE,FALSE,FALSE,FALSE,FALSE,,1,,,,,,,FALSE,TRUE,FALSE,TRUE,7G;7T;7I;7B;09;0M;04;06;0E;0F;0G;0H;0R;0T;0V;0Y;0W;00,,,,0,TRUE,db,FALSE,,FALSE,FALSE
